Format Version,1.1,Take Name,Take 2018-06-08 05.29.20 PM,Capture Frame Rate,120.000000,Export Frame Rate,120.000000,Capture Start Time,2018-06-08 05.29.20.683 PM,Total Frames,140,Rotation Type,Quaternion

,,Rigid Body,Rigid Body,Rigid Body,Rigid Body,Rigid Body,Rigid Body,Rigid Body,Rigid Body,Rigid Body Marker,Rigid Body Marker,Rigid Body Marker,Rigid Body Marker,Rigid Body Marker,Rigid Body Marker,Rigid Body Marker,Rigid Body Marker,Rigid Body Marker,Rigid Body Marker,Rigid Body Marker,Rigid Body Marker,Marker,Marker,Marker,Marker,Marker,Marker,Marker,Marker,Marker
,,NAO,NAO,NAO,NAO,NAO,NAO,NAO,NAO,1,1,1,1,2,2,2,2,3,3,3,3,NAO_1,NAO_1,NAO_1,NAO_2,NAO_2,NAO_2,NAO_3,NAO_3,NAO_3
,,"AE07894F6B3011E8918BAF18100026B2","AE07894F6B3011E8918BAF18100026B2","AE07894F6B3011E8918BAF18100026B2","AE07894F6B3011E8918BAF18100026B2","AE07894F6B3011E8918BAF18100026B2","AE07894F6B3011E8918BAF18100026B2","AE07894F6B3011E8918BAF18100026B2","AE07894F6B3011E8918BAF18100026B2","AE07894F6B3011E8918BAF18100026B2","AE07894F6B3011E8918BAF18100026B2","AE07894F6B3011E8918BAF18100026B2","AE07894F6B3011E8918BAF18100026B2","AE07894F6B3011E8918BAF18100026B2","AE07894F6B3011E8918BAF18100026B2","AE07894F6B3011E8918BAF18100026B2","AE07894F6B3011E8918BAF18100026B2","AE07894F6B3011E8918BAF18100026B2","AE07894F6B3011E8918BAF18100026B2","AE07894F6B3011E8918BAF18100026B2","AE07894F6B3011E8918BAF18100026B2","8392B20CF49E3573200000001","8392B20CF49E3573200000001","8392B20CF49E3573200000001","8392B20CF49E3573200000002","8392B20CF49E3573200000002","8392B20CF49E3573200000002","8392B20CF49E3573200000003","8392B20CF49E3573200000003","8392B20CF49E3573200000003"
,,Rotation,Rotation,Rotation,Rotation,Position,Position,Position,Error Per Marker,Position,Position,Position,Marker Quality,Position,Position,Position,Marker Quality,Position,Position,Position,Marker Quality,Position,Position,Position,Position,Position,Position,Position,Position,Position
Frame,Time,X,Y,Z,W,X,Y,Z,,X,Y,Z,,X,Y,Z,,X,Y,Z,,X,Y,Z,X,Y,Z,X,Y,Z
0,0.000000,-0.000118,-0.000107,0.000312,1.000000,0.286925,0.552889,-0.837672,0.000047,0.227638,0.554409,-0.781255,0.913521,0.288453,0.549744,-0.879069,0.914784,0.344683,0.554513,-0.852693,0.887090,0.227656,0.554413,-0.781247,0.288484,0.549744,-0.879088,0.344637,0.554512,-0.852681
1,0.008333,-0.000070,-0.000111,0.000195,1.000000,0.286909,0.552903,-0.837654,0.000030,0.227621,0.554432,-0.781237,0.938726,0.288437,0.549761,-0.879051,0.970447,0.344667,0.554515,-0.852674,0.913823,0.227639,0.554433,-0.781248,0.288451,0.549761,-0.879062,0.344636,0.554515,-0.852653
2,0.016667,-0.000212,0.000037,0.000539,1.000000,0.286935,0.552876,-0.837655,0.000062,0.227663,0.554380,-0.781220,0.862432,0.288453,0.549724,-0.879051,0.940440,0.344688,0.554524,-0.852692,0.825701,0.227699,0.554384,-0.781242,0.288484,0.549722,-0.879088,0.344623,0.554524,-0.852637
3,0.025000,-0.000148,-0.000142,0.000011,1.000000,0.286931,0.552888,-0.837668,0.000041,0.227641,0.554448,-0.781255,0.888852,0.288461,0.549740,-0.879064,0.916099,0.344692,0.554477,-0.852685,0.948658,0.227617,0.554451,-0.781227,0.288476,0.549738,-0.879097,0.344701,0.554477,-0.852678
4,0.033333,0.000097,-0.000092,-0.000084,1.000000,0.286937,0.552883,-0.837664,0.000018,0.227653,0.554427,-0.781244,0.956027,0.288462,0.549755,-0.879062,0.944769,0.344696,0.554468,-0.852686,0.988712,0.227643,0.554431,-0.781233,0.288469,0.549753,-0.879091,0.344692,0.554469,-0.852665
5,0.041667,0.000220,0.000086,0.000078,1.000000,0.286947,0.552875,-0.837677,0.000027,0.227683,0.554386,-0.781235,0.924518,0.288458,0.549758,-0.879076,0.961734,0.344700,0.554483,-0.852719,0.950401,0.227697,0.554385,-0.781258,0.288452,0.549756,-0.879074,0.344691,0.554483,-0.852697
6,0.050000,-0.000263,-0.000268,0.000140,1.000000,0.286936,0.552889,-0.837669,0.000039,0.227631,0.554447,-0.781271,0.910556,0.288476,0.549732,-0.879064,0.913085,0.344699,0.554489,-0.852672,0.941614,0.227618,0.554446,-0.781239,0.288498,0.549731,-0.879080,0.344691,0.554488,-0.852690
7,0.058333,0.000118,0.000033,0.000272,1.000000,0.286934,0.552882,-0.837668,0.000059,0.227663,0.554381,-0.781233,0.859437,0.288451,0.549757,-0.879066,0.941889,0.344689,0.554509,-0.852704,0.842692,0.227700,0.554383,-0.781264,0.288470,0.549755,-0.879084,0.344634,0.554509,-0.852655
8,0.066667,0.000001,-0.000139,0.000198,1.000000,0.286923,0.552887,-0.837662,0.000028,0.227633,0.554408,-0.781248,0.952160,0.288454,0.549752,-0.879059,0.952607,0.344683,0.554502,-0.852678,0.925435,0.227646,0.554410,-0.781247,0.288472,0.549751,-0.879067,0.344654,0.554500,-0.852674
9,0.075000,-0.000186,-0.000061,0.000527,1.000000,0.286907,0.552903,-0.837645,0.000082,0.227624,0.554406,-0.781222,0.841496,0.288433,0.549753,-0.879041,0.892630,0.344663,0.554550,-0.852671,0.773823,0.227672,0.554406,-0.781246,0.288467,0.549754,-0.879050,0.344581,0.554548,-0.852640
10,0.083333,-0.000075,-0.000022,0.000116,1.000000,0.286917,0.552906,-0.837647,0.000022,0.227640,0.554445,-0.781219,0.961607,0.288437,0.549764,-0.879044,0.970615,0.344673,0.554509,-0.852677,0.932922,0.227653,0.554446,-0.781224,0.288450,0.549764,-0.879049,0.344648,0.554508,-0.852671
11,0.091667,-0.000062,-0.000054,0.000170,1.000000,0.286921,0.552893,-0.837671,0.000026,0.227640,0.554425,-0.781247,0.935441,0.288444,0.549753,-0.879068,0.980066,0.344678,0.554503,-0.852697,0.927353,0.227657,0.554427,-0.781258,0.288457,0.549751,-0.879089,0.344651,0.554503,-0.852668
12,0.100000,0.000043,-0.000039,0.000157,1.000000,0.286922,0.552890,-0.837657,0.000028,0.227643,0.554411,-0.781231,0.947995,0.288444,0.549758,-0.879055,0.935623,0.344679,0.554502,-0.852685,0.947246,0.227647,0.554412,-0.781220,0.288465,0.549758,-0.879070,0.344655,0.554501,-0.852681
13,0.108333,-0.000107,-0.000051,0.000154,1.000000,0.286886,0.552907,-0.837661,0.000027,0.227606,0.554445,-0.781237,0.936506,0.288409,0.549762,-0.879058,0.920797,0.344643,0.554513,-0.852689,0.980684,0.227598,0.554446,-0.781214,0.288430,0.549761,-0.879089,0.344625,0.554513,-0.852678
14,0.116667,-0.000032,0.000046,0.000358,1.000000,0.286900,0.552900,-0.837654,0.000051,0.227630,0.554406,-0.781219,0.890745,0.288416,0.549763,-0.879052,0.955181,0.344654,0.554533,-0.852693,0.846760,0.227662,0.554407,-0.781239,0.288441,0.549762,-0.879076,0.344597,0.554534,-0.852649
15,0.125000,-0.000119,-0.000297,-0.000094,1.000000,0.286917,0.552890,-0.837655,0.000059,0.227609,0.554459,-0.781260,0.871299,0.288459,0.549744,-0.879051,0.865230,0.344682,0.554468,-0.852654,0.908607,0.227591,0.554458,-0.781213,0.288494,0.549743,-0.879072,0.344667,0.554465,-0.852683
16,0.133333,-0.000057,0.000007,0.000469,1.000000,0.286901,0.552900,-0.837653,0.000054,0.227626,0.554395,-0.781222,0.904476,0.288421,0.549761,-0.879051,0.928419,0.344655,0.554545,-0.852687,0.842178,0.227656,0.554397,-0.781232,0.288451,0.549762,-0.879065,0.344596,0.554543,-0.852668
17,0.141667,0.000020,0.000145,0.000220,1.000000,0.286918,0.552889,-0.837658,0.000050,0.227659,0.554405,-0.781210,0.862634,0.288425,0.549755,-0.879056,0.940295,0.344669,0.554507,-0.852707,0.896850,0.227691,0.554405,-0.781246,0.288425,0.549753,-0.879056,0.344638,0.554507,-0.852672
18,0.150000,0.000040,-0.000097,0.000053,1.000000,0.286926,0.552878,-0.837667,0.000019,0.227641,0.554412,-0.781247,0.960542,0.288452,0.549746,-0.879064,0.955062,0.344685,0.554478,-0.852688,0.972168,0.227642,0.554413,-0.781237,0.288466,0.549745,-0.879079,0.344670,0.554477,-0.852682
19,0.158333,0.000134,-0.000014,-0.000096,1.000000,0.286937,0.552874,-0.837663,0.000019,0.227661,0.554414,-0.781234,0.949656,0.288455,0.549748,-0.879062,0.984231,0.344694,0.554458,-0.852694,0.954287,0.227674,0.554414,-0.781247,0.288459,0.549747,-0.879068,0.344679,0.554459,-0.852675
20,0.166667,-0.000122,-0.000133,0.000111,1.000000,0.286916,0.552888,-0.837661,0.000017,0.227627,0.554433,-0.781246,0.950312,0.288446,0.549742,-0.879057,0.955609,0.344676,0.554489,-0.852679,0.994211,0.227621,0.554437,-0.781233,0.288457,0.549741,-0.879085,0.344666,0.554490,-0.852661
21,0.175000,0.000000,-0.000157,-0.000029,1.000000,0.286904,0.552901,-0.837653,0.000010,0.227612,0.554449,-0.781241,0.974698,0.288435,0.549765,-0.879050,0.990776,0.344665,0.554489,-0.852667,0.975905,0.227607,0.554446,-0.781232,0.288435,0.549767,-0.879044,0.344670,0.554492,-0.852681
22,0.183333,-0.000149,0.000026,0.000512,1.000000,0.286922,0.552886,-0.837655,0.000071,0.227650,0.554386,-0.781222,0.858364,0.288441,0.549739,-0.879052,0.912102,0.344676,0.554532,-0.852691,0.802087,0.227689,0.554398,-0.781235,0.288480,0.549738,-0.879083,0.344601,0.554531,-0.852651
23,0.191667,-0.000159,-0.000145,0.000208,1.000000,0.286916,0.552886,-0.837663,0.000038,0.227625,0.554423,-0.781250,0.903955,0.288448,0.549737,-0.879059,0.934774,0.344676,0.554497,-0.852679,0.931250,0.227633,0.554433,-0.781246,0.288472,0.549735,-0.879098,0.344645,0.554497,-0.852644
24,0.200000,0.000098,-0.000066,0.000049,1.000000,0.286900,0.552900,-0.837653,0.000014,0.227618,0.554427,-0.781230,0.966562,0.288423,0.549772,-0.879051,0.984715,0.344658,0.554500,-0.852678,0.964777,0.227625,0.554429,-0.781234,0.288431,0.549771,-0.879062,0.344644,0.554500,-0.852664
25,0.208333,0.000005,-0.000044,0.000079,1.000000,0.286928,0.552880,-0.837661,0.000032,0.227649,0.554415,-0.781236,0.943338,0.288450,0.549745,-0.879059,0.947608,0.344685,0.554481,-0.852689,0.917127,0.227663,0.554417,-0.781236,0.288470,0.549745,-0.879070,0.344653,0.554480,-0.852681
26,0.216667,-0.000060,-0.000030,-0.000019,1.000000,0.286945,0.552867,-0.837671,0.000025,0.227667,0.554421,-0.781244,0.942064,0.288465,0.549726,-0.879068,0.928217,0.344702,0.554455,-0.852700,0.980252,0.227660,0.554423,-0.781224,0.288485,0.549725,-0.879096,0.344685,0.554455,-0.852690
27,0.225000,-0.000213,-0.000091,0.000201,1.000000,0.286917,0.552895,-0.837681,0.000041,0.227632,0.554439,-0.781262,0.922395,0.288444,0.549741,-0.879077,0.915112,0.344675,0.554503,-0.852704,0.917407,0.227642,0.554442,-0.781248,0.288472,0.549741,-0.879098,0.344639,0.554502,-0.852693
28,0.233333,-0.000051,-0.000043,0.000243,1.000000,0.286931,0.552875,-0.837675,0.000044,0.227651,0.554397,-0.781250,0.918848,0.288454,0.549736,-0.879072,0.934390,0.344687,0.554494,-0.852703,0.884710,0.227672,0.554400,-0.781252,0.288480,0.549736,-0.879090,0.344643,0.554493,-0.852687
29,0.241667,-0.000268,-0.000073,0.000322,1.000000,0.286944,0.552875,-0.837676,0.000064,0.227661,0.554411,-0.781255,0.887392,0.288470,0.549718,-0.879072,0.857608,0.344702,0.554496,-0.852701,0.871541,0.227674,0.554415,-0.781228,0.288516,0.549713,-0.879098,0.344645,0.554488,-0.852694
30,0.250000,0.000078,-0.000028,0.000109,1.000000,0.286940,0.552879,-0.837680,0.000038,0.227663,0.554401,-0.781252,0.924816,0.288461,0.549749,-0.879078,0.959249,0.344697,0.554485,-0.852709,0.885958,0.227685,0.554402,-0.781264,0.288481,0.549749,-0.879090,0.344655,0.554485,-0.852684
31,0.258333,-0.000010,-0.000028,0.000016,1.000000,0.286938,0.552885,-0.837667,0.000025,0.227661,0.554429,-0.781240,0.935932,0.288458,0.549748,-0.879065,0.946822,0.344695,0.554479,-0.852697,0.964546,0.227650,0.554428,-0.781219,0.288472,0.549747,-0.879077,0.344693,0.554477,-0.852706
32,0.266667,-0.000005,0.000043,0.000158,1.000000,0.286934,0.552884,-0.837674,0.000043,0.227665,0.554410,-0.781238,0.906473,0.288449,0.549748,-0.879071,0.955040,0.344688,0.554494,-0.852711,0.881286,0.227691,0.554412,-0.781257,0.288466,0.549747,-0.879084,0.344646,0.554494,-0.852681
33,0.275000,-0.000269,-0.000150,0.000332,1.000000,0.286917,0.552877,-0.837669,0.000054,0.227625,0.554412,-0.781258,0.903895,0.288449,0.549720,-0.879065,0.906763,0.344676,0.554499,-0.852686,0.863990,0.227650,0.554416,-0.781250,0.288484,0.549720,-0.879083,0.344623,0.554498,-0.852673
34,0.283333,-0.000174,-0.000118,0.000221,1.000000,0.286939,0.552874,-0.837672,0.000027,0.227651,0.554412,-0.781256,0.951042,0.288468,0.549724,-0.879068,0.944720,0.344698,0.554486,-0.852691,0.941673,0.227658,0.554414,-0.781247,0.288487,0.549724,-0.879080,0.344673,0.554485,-0.852686
35,0.291667,0.000003,-0.000057,0.000121,1.000000,0.286940,0.552871,-0.837664,0.000011,0.227659,0.554401,-0.781240,0.978229,0.288463,0.549735,-0.879061,0.970965,0.344697,0.554477,-0.852690,0.983437,0.227656,0.554405,-0.781238,0.288464,0.549734,-0.879077,0.344697,0.554477,-0.852675
36,0.300000,0.000036,-0.000078,0.000109,1.000000,0.286942,0.552877,-0.837668,0.000021,0.227659,0.554404,-0.781247,0.954768,0.288467,0.549744,-0.879066,0.973018,0.344700,0.554482,-0.852692,0.945801,0.227671,0.554404,-0.781255,0.288473,0.549744,-0.879067,0.344681,0.554482,-0.852682
37,0.308333,0.000053,-0.000003,0.000043,1.000000,0.286924,0.552894,-0.837662,0.000023,0.227650,0.554427,-0.781231,0.961250,0.288443,0.549762,-0.879059,0.964461,0.344680,0.554492,-0.852694,0.937229,0.227661,0.554428,-0.781233,0.288457,0.549761,-0.879066,0.344656,0.554489,-0.852689
38,0.316667,0.000091,-0.000115,0.000012,1.000000,0.286921,0.552885,-0.837672,0.000019,0.227634,0.554417,-0.781255,0.952227,0.288448,0.549756,-0.879070,0.948408,0.344680,0.554481,-0.852691,0.984976,0.227644,0.554415,-0.781267,0.288440,0.549758,-0.879044,0.344681,0.554480,-0.852708
39,0.325000,-0.000057,0.000077,0.000385,1.000000,0.286953,0.552861,-0.837680,0.000084,0.227687,0.554367,-0.781240,0.819607,0.288467,0.549722,-0.879077,0.889407,0.344706,0.554496,-0.852722,0.784444,0.227736,0.554367,-0.781274,0.288492,0.549723,-0.879081,0.344631,0.554495,-0.852685
40,0.333333,0.000207,0.000016,0.000165,1.000000,0.286921,0.552888,-0.837654,0.000058,0.227648,0.554389,-0.781221,0.860317,0.288438,0.549769,-0.879053,0.935929,0.344676,0.554505,-0.852688,0.858681,0.227683,0.554389,-0.781253,0.288451,0.549766,-0.879062,0.344628,0.554503,-0.852647
41,0.341667,-0.000032,-0.000071,0.000111,1.000000,0.286907,0.552901,-0.837651,0.000028,0.227625,0.554436,-0.781229,0.941818,0.288431,0.549763,-0.879048,0.963965,0.344665,0.554505,-0.852676,0.927405,0.227638,0.554439,-0.781234,0.288447,0.549762,-0.879064,0.344637,0.554505,-0.852657
42,0.350000,0.000045,-0.000097,-0.000016,1.000000,0.286916,0.552899,-0.837659,0.000015,0.227631,0.554440,-0.781240,0.978893,0.288442,0.549767,-0.879057,0.965109,0.344675,0.554491,-0.852681,0.964103,0.227623,0.554439,-0.781242,0.288436,0.549767,-0.879068,0.344687,0.554495,-0.852670
43,0.358333,0.000039,0.000106,0.000163,1.000000,0.286931,0.552873,-0.837660,0.000020,0.227669,0.554394,-0.781217,0.951333,0.288441,0.549741,-0.879058,0.985538,0.344683,0.554485,-0.852705,0.940477,0.227680,0.554396,-0.781235,0.288445,0.549738,-0.879079,0.344674,0.554485,-0.852668
44,0.366667,-0.000126,-0.000103,0.000294,1.000000,0.286905,0.552892,-0.837655,0.000044,0.227619,0.554416,-0.781237,0.923579,0.288433,0.549747,-0.879051,0.921199,0.344663,0.554514,-0.852676,0.889616,0.227636,0.554419,-0.781232,0.288462,0.549745,-0.879065,0.344620,0.554510,-0.852668
45,0.375000,0.000166,0.000018,0.000093,1.000000,0.286919,0.552875,-0.837664,0.000040,0.227647,0.554389,-0.781231,0.909148,0.288436,0.549753,-0.879063,0.949578,0.344675,0.554482,-0.852699,0.900181,0.227671,0.554389,-0.781250,0.288446,0.549753,-0.879066,0.344641,0.554482,-0.852678
46,0.383333,-0.000275,-0.000078,0.000208,1.000000,0.286919,0.552876,-0.837669,0.000050,0.227635,0.554427,-0.781249,0.921232,0.288444,0.549718,-0.879065,0.890789,0.344677,0.554484,-0.852694,0.888167,0.227648,0.554428,-0.781231,0.288480,0.549721,-0.879078,0.344629,0.554483,-0.852698
47,0.391667,0.000102,-0.000014,0.000035,1.000000,0.286958,0.552866,-0.837670,0.000026,0.227682,0.554395,-0.781241,0.948591,0.288477,0.549738,-0.879068,0.956414,0.344714,0.554465,-0.852701,0.939337,0.227696,0.554396,-0.781249,0.288483,0.549740,-0.879061,0.344694,0.554464,-0.852699
48,0.400000,-0.000161,-0.000071,0.000223,1.000000,0.286932,0.552887,-0.837656,0.000033,0.227649,0.554423,-0.781234,0.946512,0.288457,0.549738,-0.879052,0.948464,0.344689,0.554499,-0.852681,0.904826,0.227668,0.554424,-0.781238,0.288474,0.549740,-0.879051,0.344654,0.554498,-0.852679
49,0.408333,0.000179,-0.000001,-0.000053,1.000000,0.286924,0.552870,-0.837664,0.000030,0.227650,0.554400,-0.781233,0.917477,0.288441,0.549749,-0.879062,0.960709,0.344680,0.554461,-0.852696,0.941189,0.227666,0.554392,-0.781258,0.288435,0.549746,-0.879064,0.344668,0.554463,-0.852668
50,0.416667,0.000051,-0.000020,0.000208,1.000000,0.286930,0.552871,-0.837661,0.000064,0.227653,0.554385,-0.781232,0.867611,0.288451,0.549740,-0.879058,0.924112,0.344686,0.554489,-0.852691,0.825534,0.227690,0.554386,-0.781256,0.288475,0.549740,-0.879070,0.344624,0.554488,-0.852656
51,0.425000,-0.000013,-0.000096,0.000156,1.000000,0.286949,0.552867,-0.837676,0.000037,0.227664,0.554395,-0.781257,0.928102,0.288476,0.549731,-0.879073,0.959409,0.344708,0.554477,-0.852697,0.888197,0.227686,0.554396,-0.781268,0.288495,0.549730,-0.879085,0.344666,0.554476,-0.852675
52,0.433333,0.000034,0.000025,0.000287,1.000000,0.286931,0.552878,-0.837664,0.000040,0.227659,0.554385,-0.781230,0.902420,0.288449,0.549746,-0.879062,0.968559,0.344686,0.554504,-0.852699,0.891855,0.227684,0.554386,-0.781254,0.288462,0.549743,-0.879080,0.344648,0.554504,-0.852659
53,0.441667,-0.000062,-0.000079,0.000091,1.000000,0.286930,0.552877,-0.837670,0.000019,0.227647,0.554418,-0.781249,0.953732,0.288455,0.549736,-0.879067,0.969050,0.344688,0.554478,-0.852694,0.962121,0.227658,0.554417,-0.781259,0.288455,0.549737,-0.879061,0.344677,0.554477,-0.852690
54,0.450000,0.000053,0.000041,0.000158,1.000000,0.286942,0.552865,-0.837668,0.000024,0.227672,0.554385,-0.781232,0.960639,0.288457,0.549734,-0.879066,0.962360,0.344696,0.554477,-0.852705,0.932699,0.227684,0.554385,-0.781233,0.288472,0.549735,-0.879071,0.344671,0.554477,-0.852701
55,0.458333,0.000039,0.000088,0.000311,1.000000,0.286913,0.552887,-0.837663,0.000061,0.227648,0.554390,-0.781222,0.883749,0.288426,0.549755,-0.879061,0.923661,0.344666,0.554516,-0.852706,0.825694,0.227681,0.554393,-0.781234,0.288459,0.549755,-0.879084,0.344600,0.554515,-0.852675
56,0.466667,-0.000140,-0.000008,0.000338,1.000000,0.286913,0.552887,-0.837661,0.000056,0.227637,0.554407,-0.781232,0.874517,0.288433,0.549741,-0.879057,0.941252,0.344668,0.554514,-0.852693,0.850638,0.227671,0.554410,-0.781258,0.288452,0.549740,-0.879072,0.344615,0.554514,-0.852653
57,0.475000,0.000059,-0.000064,0.000121,1.000000,0.286922,0.552884,-0.837654,0.000021,0.227640,0.554408,-0.781231,0.959312,0.288446,0.549753,-0.879052,0.976367,0.344679,0.554492,-0.852679,0.939449,0.227651,0.554408,-0.781236,0.288457,0.549753,-0.879059,0.344657,0.554492,-0.852666
58,0.483333,0.000194,0.000012,0.000129,1.000000,0.286945,0.552864,-0.837660,0.000058,0.227672,0.554371,-0.781227,0.851249,0.288463,0.549745,-0.879059,0.922600,0.344701,0.554477,-0.852693,0.876086,0.227708,0.554371,-0.781263,0.288466,0.549745,-0.879054,0.344662,0.554477,-0.852663
59,0.491667,0.000127,-0.000029,-0.000044,1.000000,0.286914,0.552881,-0.837663,0.000014,0.227637,0.554416,-0.781235,0.961607,0.288434,0.549755,-0.879061,0.976769,0.344671,0.554472,-0.852692,0.977373,0.227644,0.554414,-0.781247,0.288429,0.549756,-0.879057,0.344668,0.554472,-0.852683
60,0.500000,-0.000288,-0.000133,0.000500,1.000000,0.286930,0.552878,-0.837667,0.000081,0.227640,0.554396,-0.781253,0.871135,0.288462,0.549720,-0.879062,0.882892,0.344689,0.554519,-0.852685,0.759868,0.227684,0.554394,-0.781264,0.288510,0.549726,-0.879075,0.344599,0.554522,-0.852674
61,0.508333,-0.000144,-0.000141,0.000199,1.000000,0.286908,0.552900,-0.837659,0.000050,0.227618,0.554437,-0.781245,0.925785,0.288439,0.549753,-0.879055,0.887239,0.344668,0.554511,-0.852675,0.885131,0.227631,0.554437,-0.781225,0.288475,0.549757,-0.879063,0.344619,0.554513,-0.852684
62,0.516667,0.000235,0.000101,-0.000020,1.000000,0.286926,0.552881,-0.837664,0.000055,0.227663,0.554401,-0.781220,0.876983,0.288435,0.549764,-0.879063,0.909077,0.344679,0.554478,-0.852707,0.886241,0.227695,0.554400,-0.781244,0.288439,0.549767,-0.879045,0.344644,0.554477,-0.852701
63,0.525000,-0.000097,-0.000095,0.000052,1.000000,0.286934,0.552881,-0.837670,0.000011,0.227649,0.554430,-0.781251,0.979377,0.288460,0.549737,-0.879067,0.972548,0.344693,0.554476,-0.852692,0.979790,0.227648,0.554428,-0.781242,0.288468,0.549737,-0.879068,0.344688,0.554476,-0.852700
64,0.533333,0.000002,-0.000042,0.000126,1.000000,0.286925,0.552895,-0.837667,0.000043,0.227645,0.554424,-0.781241,0.933183,0.288447,0.549759,-0.879064,0.927420,0.344681,0.554501,-0.852695,0.881137,0.227669,0.554433,-0.781245,0.288468,0.549758,-0.879056,0.344640,0.554490,-0.852696
65,0.541667,0.000092,0.000174,0.000258,1.000000,0.286923,0.552882,-0.837661,0.000063,0.227667,0.554386,-0.781209,0.828786,0.288428,0.549755,-0.879059,0.919277,0.344673,0.554507,-0.852713,0.875288,0.227706,0.554383,-0.781254,0.288426,0.549754,-0.879054,0.344636,0.554507,-0.852674
66,0.550000,-0.000082,-0.000187,-0.000012,1.000000,0.286943,0.552874,-0.837665,0.000025,0.227648,0.554429,-0.781257,0.944195,0.288476,0.549731,-0.879062,0.952808,0.344705,0.554462,-0.852677,0.950349,0.227641,0.554430,-0.781235,0.288487,0.549732,-0.879060,0.344704,0.554461,-0.852700
67,0.558333,0.000012,-0.000106,0.000064,1.000000,0.286902,0.552905,-0.837652,0.000015,0.227616,0.554440,-0.781234,0.968193,0.288429,0.549770,-0.879049,0.982554,0.344661,0.554504,-0.852672,0.961015,0.227625,0.554440,-0.781240,0.288434,0.549770,-0.879051,0.344647,0.554504,-0.852664
68,0.566667,0.000055,-0.000086,-0.000076,1.000000,0.286929,0.552899,-0.837654,0.000013,0.227645,0.554446,-0.781233,0.978691,0.288453,0.549767,-0.879051,0.967992,0.344688,0.554483,-0.852676,0.974757,0.227652,0.554445,-0.781235,0.288456,0.549768,-0.879039,0.344681,0.554482,-0.852686
69,0.575000,-0.000051,-0.000044,0.000292,1.000000,0.286920,0.552892,-0.837659,0.000079,0.227640,0.554408,-0.781233,0.845460,0.288444,0.549753,-0.879056,0.886800,0.344677,0.554516,-0.852686,0.794994,0.227685,0.554400,-0.781258,0.288471,0.549759,-0.879054,0.344605,0.554520,-0.852665
70,0.583333,-0.000070,-0.000015,0.000352,1.000000,0.286916,0.552897,-0.837661,0.000079,0.227640,0.554408,-0.781233,0.790385,0.288438,0.549756,-0.879058,0.897748,0.344672,0.554528,-0.852692,0.835297,0.227689,0.554410,-0.781285,0.288439,0.549753,-0.879053,0.344622,0.554524,-0.852645
71,0.591667,0.000226,-0.000056,-0.000012,1.000000,0.286911,0.552890,-0.837658,0.000027,0.227630,0.554411,-0.781233,0.932036,0.288433,0.549773,-0.879056,0.957874,0.344668,0.554488,-0.852683,0.947786,0.227647,0.554409,-0.781249,0.288432,0.549774,-0.879048,0.344653,0.554488,-0.852675
72,0.600000,0.000273,0.000162,0.000238,1.000000,0.286931,0.552891,-0.837653,0.000060,0.227674,0.554376,-0.781202,0.835223,0.288437,0.549778,-0.879053,0.930616,0.344681,0.554519,-0.852703,0.876466,0.227712,0.554377,-0.781246,0.288437,0.549776,-0.879054,0.344644,0.554519,-0.852659
73,0.608333,0.000102,0.000110,0.000314,1.000000,0.286919,0.552901,-0.837644,0.000064,0.227657,0.554396,-0.781201,0.833055,0.288430,0.549774,-0.879043,0.920063,0.344671,0.554532,-0.852690,0.861106,0.227696,0.554398,-0.781242,0.288434,0.549771,-0.879042,0.344628,0.554529,-0.852649
74,0.616667,0.000203,-0.000013,0.000104,1.000000,0.286920,0.552885,-0.837661,0.000060,0.227644,0.554394,-0.781232,0.855749,0.288439,0.549766,-0.879060,0.919519,0.344676,0.554495,-0.852692,0.865703,0.227679,0.554393,-0.781264,0.288447,0.549766,-0.879057,0.344633,0.554494,-0.852663
75,0.625000,0.000142,-0.000102,-0.000021,1.000000,0.286893,0.552898,-0.837653,0.000016,0.227607,0.554429,-0.781235,0.964178,0.288419,0.549773,-0.879052,0.955531,0.344652,0.554491,-0.852674,0.982383,0.227605,0.554430,-0.781224,0.288432,0.549773,-0.879067,0.344641,0.554491,-0.852668
76,0.633333,-0.000011,-0.000156,0.000141,1.000000,0.286938,0.552872,-0.837665,0.000025,0.227646,0.554401,-0.781253,0.950834,0.288470,0.549736,-0.879062,0.955837,0.344698,0.554480,-0.852680,0.940600,0.227656,0.554404,-0.781250,0.288486,0.549736,-0.879075,0.344674,0.554480,-0.852671
77,0.641667,-0.000094,-0.000120,0.000179,1.000000,0.286933,0.552885,-0.837650,0.000026,0.227645,0.554419,-0.781234,0.962516,0.288462,0.549742,-0.879047,0.957815,0.344692,0.554495,-0.852669,0.921717,0.227659,0.554419,-0.781233,0.288478,0.549744,-0.879046,0.344663,0.554494,-0.852669
78,0.650000,-0.000076,-0.000138,0.000016,1.000000,0.286888,0.552912,-0.837653,0.000017,0.227599,0.554463,-0.781240,0.957234,0.288418,0.549769,-0.879050,0.959081,0.344648,0.554503,-0.852670,0.980688,0.227592,0.554463,-0.781226,0.288429,0.549769,-0.879063,0.344644,0.554502,-0.852672
79,0.658333,-0.000402,-0.000214,0.000335,1.000000,0.286939,0.552877,-0.837661,0.000048,0.227640,0.554427,-0.781257,0.906830,0.288477,0.549709,-0.879055,0.888219,0.344701,0.554495,-0.852670,0.914750,0.227644,0.554429,-0.781237,0.288514,0.549708,-0.879086,0.344661,0.554494,-0.852660
80,0.666667,-0.000304,-0.000224,0.000111,1.000000,0.286900,0.552897,-0.837640,0.000029,0.227600,0.554462,-0.781237,0.944381,0.288437,0.549736,-0.879035,0.915600,0.344662,0.554492,-0.852648,0.968655,0.227593,0.554462,-0.781214,0.288460,0.549736,-0.879057,0.344642,0.554492,-0.852648
81,0.675000,-0.000004,-0.000104,0.000097,1.000000,0.286905,0.552889,-0.837662,0.000014,0.227619,0.554422,-0.781244,0.967627,0.288432,0.549752,-0.879059,0.977492,0.344664,0.554492,-0.852683,0.973148,0.227623,0.554425,-0.781242,0.288440,0.549752,-0.879072,0.344652,0.554492,-0.852672
82,0.683333,0.000032,-0.000070,0.000089,1.000000,0.286913,0.552904,-0.837651,0.000016,0.227630,0.554435,-0.781229,0.966003,0.288437,0.549771,-0.879049,0.974169,0.344670,0.554508,-0.852676,0.965876,0.227637,0.554438,-0.781227,0.288446,0.549771,-0.879060,0.344656,0.554508,-0.852668
83,0.691667,0.000064,-0.000043,0.000150,1.000000,0.286928,0.552885,-0.837648,0.000044,0.227649,0.554405,-0.781223,0.927588,0.288450,0.549755,-0.879046,0.932606,0.344685,0.554496,-0.852676,0.877762,0.227671,0.554410,-0.781226,0.288478,0.549750,-0.879056,0.344639,0.554486,-0.852668
84,0.700000,-0.000078,0.000010,0.000215,1.000000,0.286910,0.552887,-0.837658,0.000031,0.227637,0.554415,-0.781227,0.931343,0.288429,0.549745,-0.879055,0.963913,0.344665,0.554501,-0.852692,0.916133,0.227656,0.554415,-0.781240,0.288439,0.549745,-0.879061,0.344636,0.554501,-0.852674
85,0.708333,-0.000294,-0.000201,0.000397,1.000000,0.286935,0.552874,-0.837669,0.000066,0.227637,0.554404,-0.781263,0.871813,0.288472,0.549714,-0.879064,0.852046,0.344696,0.554502,-0.852679,0.877445,0.227648,0.554408,-0.781234,0.288520,0.549714,-0.879103,0.344639,0.554500,-0.852663
86,0.716667,-0.000072,-0.000140,0.000251,1.000000,0.286882,0.552907,-0.837654,0.000065,0.227591,0.554429,-0.781240,0.879412,0.288413,0.549765,-0.879051,0.879289,0.344641,0.554525,-0.852671,0.852296,0.227615,0.554435,-0.781225,0.288455,0.549765,-0.879079,0.344580,0.554524,-0.852654
87,0.725000,0.000114,-0.000084,0.000078,1.000000,0.286922,0.552880,-0.837663,0.000034,0.227638,0.554402,-0.781243,0.938160,0.288447,0.549754,-0.879061,0.951221,0.344680,0.554484,-0.852686,0.908037,0.227655,0.554404,-0.781246,0.288467,0.549753,-0.879074,0.344645,0.554483,-0.852674
88,0.733333,-0.000187,-0.000084,0.000222,1.000000,0.286916,0.552884,-0.837666,0.000037,0.227631,0.554423,-0.781247,0.937609,0.288442,0.549733,-0.879063,0.918498,0.344673,0.554496,-0.852690,0.921195,0.227640,0.554425,-0.781233,0.288468,0.549733,-0.879076,0.344639,0.554494,-0.852689
89,0.741667,0.000178,0.000025,0.000083,1.000000,0.286937,0.552869,-0.837660,0.000037,0.227666,0.554383,-0.781226,0.909028,0.288454,0.549748,-0.879059,0.975245,0.344692,0.554476,-0.852695,0.892499,0.227691,0.554385,-0.781247,0.288469,0.549744,-0.879081,0.344654,0.554476,-0.852654
90,0.750000,0.000108,0.000133,0.000113,1.000000,0.286901,0.552901,-0.837662,0.000036,0.227642,0.554420,-0.781215,0.908991,0.288408,0.549774,-0.879060,0.964137,0.344653,0.554509,-0.852710,0.913435,0.227665,0.554420,-0.781237,0.288415,0.549773,-0.879069,0.344624,0.554510,-0.852681
91,0.758333,0.000106,-0.000047,-0.000090,1.000000,0.286905,0.552893,-0.837667,0.000009,0.227626,0.554436,-0.781241,0.978639,0.288426,0.549766,-0.879065,0.972653,0.344663,0.554478,-0.852694,0.993715,0.227623,0.554437,-0.781234,0.288434,0.549765,-0.879075,0.344657,0.554478,-0.852690
92,0.766667,-0.000035,-0.000064,0.000219,1.000000,0.286903,0.552895,-0.837643,0.000019,0.227621,0.554417,-0.781220,0.959715,0.288427,0.549757,-0.879040,0.975327,0.344660,0.554511,-0.852668,0.948617,0.227631,0.554420,-0.781223,0.288438,0.549756,-0.879050,0.344640,0.554511,-0.852656
93,0.775000,-0.000025,-0.000089,0.000120,1.000000,0.286907,0.552893,-0.837645,0.000022,0.227623,0.554425,-0.781225,0.963142,0.288433,0.549755,-0.879042,0.940399,0.344665,0.554498,-0.852668,0.966528,0.227622,0.554427,-0.781211,0.288450,0.549755,-0.879054,0.344648,0.554497,-0.852671
94,0.783333,0.000122,0.000029,0.000308,1.000000,0.286904,0.552890,-0.837648,0.000048,0.227632,0.554384,-0.781214,0.908477,0.288421,0.549765,-0.879046,0.945641,0.344658,0.554521,-0.852684,0.859601,0.227660,0.554386,-0.781228,0.288445,0.549765,-0.879059,0.344606,0.554520,-0.852657
95,0.791667,-0.000208,-0.000151,0.000414,1.000000,0.286913,0.552892,-0.837658,0.000071,0.227621,0.554411,-0.781246,0.872230,0.288446,0.549740,-0.879053,0.879360,0.344672,0.554526,-0.852674,0.824919,0.227650,0.554416,-0.781240,0.288491,0.549741,-0.879081,0.344602,0.554524,-0.852655
96,0.800000,0.000166,0.000006,-0.000055,1.000000,0.286918,0.552891,-0.837652,0.000017,0.227645,0.554423,-0.781220,0.956407,0.288435,0.549768,-0.879051,0.972157,0.344674,0.554481,-0.852685,0.966487,0.227655,0.554423,-0.781230,0.288434,0.549769,-0.879045,0.344664,0.554481,-0.852681
97,0.808333,0.000218,0.000040,0.000055,1.000000,0.286933,0.552891,-0.837650,0.000021,0.227664,0.554404,-0.781214,0.940909,0.288448,0.549773,-0.879049,0.958746,0.344688,0.554496,-0.852687,0.973312,0.227676,0.554404,-0.781229,0.288440,0.549774,-0.879033,0.344683,0.554495,-0.852687
98,0.816667,0.000038,0.000005,0.000090,1.000000,0.286897,0.552905,-0.837638,0.000052,0.227624,0.554434,-0.781207,0.881983,0.288415,0.549772,-0.879036,0.922365,0.344653,0.554509,-0.852671,0.882936,0.227654,0.554434,-0.781230,0.288423,0.549776,-0.879027,0.344615,0.554509,-0.852655
99,0.825000,-0.000042,-0.000013,0.000226,1.000000,0.286944,0.552883,-0.837653,0.000048,0.227668,0.554405,-0.781224,0.879971,0.288464,0.549744,-0.879050,0.943271,0.344700,0.554500,-0.852684,0.886364,0.227698,0.554402,-0.781252,0.288472,0.549742,-0.879054,0.344662,0.554498,-0.852652
100,0.833333,0.000139,0.000070,0.000032,1.000000,0.286947,0.552883,-0.837652,0.000029,0.227681,0.554408,-0.781213,0.916926,0.288459,0.549759,-0.879051,0.973111,0.344701,0.554483,-0.852693,0.936409,0.227700,0.554408,-0.781236,0.288460,0.549756,-0.879057,0.344681,0.554482,-0.852664
101,0.841667,-0.000047,0.000029,0.000153,1.000000,0.286897,0.552911,-0.837645,0.000036,0.227626,0.554442,-0.781211,0.931768,0.288414,0.549771,-0.879043,0.952342,0.344652,0.554519,-0.852682,0.897908,0.227647,0.554442,-0.781221,0.288430,0.549771,-0.879047,0.344615,0.554518,-0.852669
102,0.850000,0.000057,-0.000226,-0.000079,1.000000,0.286926,0.552892,-0.837651,0.000024,0.227626,0.554439,-0.781247,0.934070,0.288462,0.549760,-0.879049,0.960229,0.344689,0.554476,-0.852658,0.964170,0.227612,0.554440,-0.781230,0.288467,0.549759,-0.879060,0.344697,0.554475,-0.852664
103,0.858333,-0.000066,-0.000078,0.000277,1.000000,0.286904,0.552913,-0.837645,0.000042,0.227620,0.554432,-0.781224,0.918044,0.288430,0.549773,-0.879042,0.945644,0.344661,0.554535,-0.852669,0.885920,0.227643,0.554434,-0.781230,0.288453,0.549772,-0.879061,0.344617,0.554534,-0.852648
104,0.866667,-0.000100,-0.000051,0.000319,1.000000,0.286946,0.552883,-0.837652,0.000043,0.227665,0.554401,-0.781227,0.917172,0.288470,0.549740,-0.879048,0.947961,0.344702,0.554509,-0.852679,0.878857,0.227688,0.554403,-0.781236,0.288493,0.549739,-0.879065,0.344657,0.554508,-0.852655
105,0.875000,-0.000068,-0.000041,0.000256,1.000000,0.286936,0.552898,-0.837645,0.000033,0.227657,0.554420,-0.781219,0.945134,0.288459,0.549757,-0.879042,0.948889,0.344693,0.554517,-0.852673,0.906480,0.227673,0.554421,-0.781222,0.288479,0.549758,-0.879049,0.344657,0.554517,-0.852667
106,0.883333,0.000187,-0.000010,0.000136,1.000000,0.286945,0.552887,-0.837647,0.000017,0.227669,0.554394,-0.781217,0.954000,0.288465,0.549767,-0.879045,0.985162,0.344701,0.554500,-0.852678,0.961335,0.227680,0.554395,-0.781229,0.288467,0.549766,-0.879050,0.344689,0.554500,-0.852661
107,0.891667,0.000353,0.000097,0.000050,1.000000,0.286921,0.552898,-0.837636,0.000027,0.227658,0.554396,-0.781193,0.921829,0.288431,0.549791,-0.879036,0.960538,0.344674,0.554506,-0.852679,0.954488,0.227673,0.554397,-0.781216,0.288424,0.549790,-0.879030,0.344665,0.554506,-0.852661
108,0.900000,-0.000002,-0.000018,0.000370,1.000000,0.286926,0.552898,-0.837636,0.000062,0.227649,0.554399,-0.781208,0.892123,0.288448,0.549763,-0.879034,0.915563,0.344682,0.554533,-0.852667,0.822155,0.227683,0.554402,-0.781218,0.288483,0.549764,-0.879051,0.344615,0.554531,-0.852648
109,0.908333,0.000126,0.000155,0.000178,1.000000,0.286926,0.552895,-0.837644,0.000033,0.227668,0.554404,-0.781195,0.928683,0.288432,0.549770,-0.879043,0.964163,0.344676,0.554511,-0.852694,0.908760,0.227688,0.554406,-0.781209,0.288445,0.549771,-0.879052,0.344644,0.554513,-0.852672
110,0.916667,0.000351,0.000093,-0.000052,1.000000,0.286906,0.552911,-0.837634,0.000057,0.227643,0.554422,-0.781191,0.856479,0.288416,0.549804,-0.879034,0.912579,0.344660,0.554507,-0.852676,0.891531,0.227677,0.554419,-0.781225,0.288414,0.549806,-0.879018,0.344628,0.554508,-0.852659
111,0.925000,0.000009,-0.000109,0.000111,1.000000,0.286953,0.552882,-0.837659,0.000031,0.227666,0.554412,-0.781242,0.931850,0.288480,0.549747,-0.879057,0.968484,0.344712,0.554487,-0.852680,0.913760,0.227685,0.554412,-0.781256,0.288493,0.549745,-0.879066,0.344681,0.554486,-0.852656
112,0.933333,-0.000230,-0.000082,0.000390,1.000000,0.286898,0.552917,-0.837638,0.000070,0.227614,0.554441,-0.781218,0.871574,0.288425,0.549763,-0.879034,0.883819,0.344655,0.554547,-0.852662,0.825951,0.227644,0.554448,-0.781213,0.288468,0.549763,-0.879062,0.344586,0.554545,-0.852642
113,0.941667,0.000087,-0.000101,0.000169,1.000000,0.286950,0.552884,-0.837657,0.000035,0.227664,0.554398,-0.781239,0.924898,0.288477,0.549756,-0.879055,0.925852,0.344708,0.554498,-0.852678,0.940485,0.227670,0.554403,-0.781223,0.288500,0.549755,-0.879082,0.344679,0.554498,-0.852663
114,0.950000,0.000228,-0.000003,-0.000221,1.000000,0.286946,0.552880,-0.837666,0.000020,0.227672,0.554425,-0.781235,0.955185,0.288463,0.549762,-0.879065,0.964137,0.344703,0.554453,-0.852697,0.957960,0.227679,0.554420,-0.781251,0.288453,0.549761,-0.879068,0.344701,0.554457,-0.852678
115,0.958333,-0.000426,-0.000177,0.000368,1.000000,0.286931,0.552895,-0.837669,0.000056,0.227636,0.554444,-0.781261,0.910899,0.288466,0.549725,-0.879063,0.893166,0.344691,0.554517,-0.852682,0.857306,0.227658,0.554448,-0.781249,0.288504,0.549724,-0.879073,0.344635,0.554512,-0.852679
116,0.966667,0.000164,-0.000016,0.000058,1.000000,0.286909,0.552892,-0.837655,0.000026,0.227633,0.554411,-0.781226,0.942407,0.288429,0.549769,-0.879053,0.963820,0.344666,0.554495,-0.852685,0.938831,0.227649,0.554411,-0.781237,0.288434,0.549770,-0.879051,0.344645,0.554495,-0.852675
117,0.975000,0.000088,-0.000257,-0.000100,1.000000,0.286931,0.552893,-0.837658,0.000033,0.227628,0.554439,-0.781258,0.948926,0.288470,0.549764,-0.879055,0.919955,0.344695,0.554476,-0.852661,0.935713,0.227634,0.554441,-0.781241,0.288494,0.549764,-0.879066,0.344666,0.554474,-0.852667
118,0.983333,-0.000016,-0.000025,0.000162,1.000000,0.286912,0.552902,-0.837671,0.000047,0.227634,0.554429,-0.781244,0.911509,0.288433,0.549765,-0.879069,0.912642,0.344668,0.554512,-0.852701,0.894291,0.227650,0.554434,-0.781234,0.288463,0.549765,-0.879091,0.344624,0.554511,-0.852688
119,0.991667,0.000115,0.000058,0.000223,1.000000,0.286929,0.552889,-0.837658,0.000063,0.227661,0.554394,-0.781220,0.875709,0.288443,0.549763,-0.879056,0.923330,0.344683,0.554510,-0.852697,0.822196,0.227697,0.554395,-0.781240,0.288471,0.549764,-0.879068,0.344618,0.554509,-0.852666
120,1.000000,-0.000457,-0.000191,0.000418,1.000000,0.286904,0.552899,-0.837659,0.000063,0.227607,0.554445,-0.781253,0.895312,0.288440,0.549726,-0.879053,0.843478,0.344664,0.554525,-0.852671,0.885969,0.227613,0.554448,-0.781219,0.288488,0.549728,-0.879080,0.344611,0.554524,-0.852677
121,1.008333,-0.000200,0.000021,0.000364,1.000000,0.286931,0.552883,-0.837658,0.000047,0.227658,0.554407,-0.781226,0.898188,0.288449,0.549732,-0.879055,0.940295,0.344685,0.554511,-0.852694,0.878611,0.227682,0.554412,-0.781233,0.288475,0.549730,-0.879084,0.344638,0.554510,-0.852661
122,1.016667,0.000609,0.000175,-0.000397,1.000000,0.286933,0.552876,-0.837658,0.000024,0.227680,0.554399,-0.781205,0.959409,0.288434,0.549789,-0.879060,0.931846,0.344685,0.554441,-0.852709,0.965046,0.227683,0.554399,-0.781225,0.288415,0.549789,-0.879050,0.344701,0.554441,-0.852700
123,1.025000,-0.000158,-0.000033,0.000313,1.000000,0.286930,0.552897,-0.837653,0.000039,0.227652,0.554422,-0.781227,0.923714,0.288453,0.549749,-0.879049,0.948654,0.344687,0.554520,-0.852682,0.892261,0.227675,0.554423,-0.781238,0.288469,0.549750,-0.879053,0.344648,0.554520,-0.852667
124,1.033333,-0.000044,-0.000066,0.000067,1.000000,0.286925,0.552889,-0.837673,0.000019,0.227643,0.554431,-0.781250,0.961615,0.288448,0.549750,-0.879070,0.950599,0.344682,0.554488,-0.852698,0.975305,0.227638,0.554431,-0.781235,0.288462,0.549750,-0.879080,0.344673,0.554487,-0.852703
125,1.041667,0.000101,0.000120,0.000232,1.000000,0.286953,0.552866,-0.837681,0.000049,0.227692,0.554372,-0.781236,0.870203,0.288463,0.549739,-0.879080,0.953102,0.344705,0.554488,-0.852728,0.880690,0.227725,0.554368,-0.781269,0.288471,0.549737,-0.879093,0.344666,0.554490,-0.852683
126,1.050000,-0.000113,-0.000052,0.000264,1.000000,0.286901,0.552902,-0.837656,0.000035,0.227620,0.554428,-0.781232,0.945290,0.288425,0.549757,-0.879052,0.948453,0.344658,0.554521,-0.852683,0.896530,0.227639,0.554427,-0.781236,0.288446,0.549761,-0.879057,0.344619,0.554523,-0.852679
127,1.058333,-0.000158,-0.000150,0.000358,1.000000,0.286927,0.552886,-0.837674,0.000058,0.227635,0.554406,-0.781262,0.896407,0.288460,0.549738,-0.879070,0.897905,0.344687,0.554514,-0.852690,0.855496,0.227659,0.554413,-0.781256,0.288497,0.549738,-0.879091,0.344629,0.554513,-0.852677
128,1.066667,0.000210,0.000018,-0.000076,1.000000,0.286925,0.552895,-0.837665,0.000010,0.227654,0.554425,-0.781232,0.977075,0.288441,0.549776,-0.879064,0.989532,0.344681,0.554485,-0.852699,0.973834,0.227659,0.554424,-0.781240,0.288441,0.549776,-0.879072,0.344678,0.554487,-0.852685
129,1.075000,0.000076,-0.000193,-0.000058,1.000000,0.286923,0.552884,-0.837663,0.000011,0.227628,0.554427,-0.781256,0.980822,0.288457,0.549755,-0.879061,0.969259,0.344685,0.554472,-0.852674,0.985695,0.227626,0.554427,-0.781247,0.288465,0.549754,-0.879067,0.344678,0.554472,-0.852677
130,1.083333,-0.000191,-0.000164,0.000307,1.000000,0.286944,0.552881,-0.837667,0.000041,0.227651,0.554410,-0.781257,0.921344,0.288478,0.549730,-0.879063,0.910604,0.344704,0.554502,-0.852682,0.920119,0.227658,0.554413,-0.781241,0.288507,0.549729,-0.879086,0.344668,0.554501,-0.852672
131,1.091667,0.000073,-0.000133,0.000040,1.000000,0.286917,0.552892,-0.837664,0.000018,0.227628,0.554423,-0.781249,0.966569,0.288446,0.549762,-0.879061,0.965176,0.344677,0.554490,-0.852681,0.962218,0.227633,0.554424,-0.781243,0.288457,0.549762,-0.879070,0.344660,0.554490,-0.852676
132,1.100000,-0.000383,-0.000241,0.000309,1.000000,0.286923,0.552898,-0.837665,0.000073,0.227621,0.554449,-0.781264,0.871559,0.288463,0.549731,-0.879059,0.818467,0.344686,0.554514,-0.852671,0.872670,0.227627,0.554452,-0.781227,0.288520,0.549730,-0.879097,0.344625,0.554511,-0.852671
133,1.108333,0.000234,-0.000043,-0.000082,1.000000,0.286925,0.552875,-0.837668,0.000017,0.227646,0.554403,-0.781242,0.975622,0.288445,0.549758,-0.879067,0.972213,0.344682,0.554465,-0.852695,0.949712,0.227655,0.554404,-0.781241,0.288456,0.549759,-0.879067,0.344663,0.554463,-0.852695
134,1.116667,0.000086,0.000014,0.000169,1.000000,0.286922,0.552876,-0.837677,0.000043,0.227649,0.554391,-0.781245,0.902047,0.288440,0.549748,-0.879075,0.949615,0.344677,0.554490,-0.852711,0.891225,0.227675,0.554391,-0.781265,0.288452,0.549747,-0.879081,0.344640,0.554489,-0.852685
135,1.125000,0.000033,-0.000100,0.000029,1.000000,0.286925,0.552890,-0.837656,0.000030,0.227639,0.554427,-0.781237,0.938533,0.288451,0.549757,-0.879053,0.932613,0.344684,0.554486,-0.852677,0.950808,0.227643,0.554429,-0.781222,0.288471,0.549756,-0.879075,0.344659,0.554486,-0.852667
136,1.133333,-0.000158,-0.000153,0.000243,1.000000,0.286903,0.552903,-0.837654,0.000041,0.227611,0.554436,-0.781242,0.922499,0.288435,0.549754,-0.879050,0.877907,0.344663,0.554518,-0.852670,0.952041,0.227604,0.554437,-0.781210,0.288470,0.549754,-0.879081,0.344633,0.554517,-0.852671
137,1.141667,-0.000160,0.000052,0.000232,1.000000,0.286914,0.552884,-0.837660,0.000032,0.227645,0.554419,-0.781224,0.933422,0.288429,0.549735,-0.879057,0.959916,0.344668,0.554498,-0.852699,0.914765,0.227661,0.554421,-0.781230,0.288447,0.549734,-0.879074,0.344635,0.554498,-0.852678
138,1.150000,0.000153,0.000082,0.000203,1.000000,0.286939,0.552868,-0.837671,0.000054,0.227674,0.554371,-0.781230,0.851823,0.288451,0.549745,-0.879069,0.923848,0.344692,0.554488,-0.852712,0.897771,0.227707,0.554375,-0.781268,0.288446,0.549748,-0.879059,0.344663,0.554489,-0.852685
139,1.158333,-0.000318,-0.000202,0.000100,1.000000,0.286914,0.552898,-0.837665,0.000039,0.227617,0.554467,-0.781259,0.930806,0.288450,0.549736,-0.879060,0.885265,0.344676,0.554492,-0.852675,0.951657,0.227611,0.554466,-0.781229,0.288483,0.549736,-0.879085,0.344647,0.554491,-0.852680
